Workbook

Sheet 资源总量
A1: YonBIP V3.0(R6_2407_1)部署方案资源汇总
A2: 序号 | B2: 环境信息 | C2: 资源需求
C3: CPU（核） | D3: 内存（G） | E3: 磁盘（G） | F3: 主机数(虚机)
A4: 1 | B4: 生产 | C4: ='标准-生产'!F13 -> 1408 | D4: ='标准-生产'!G13 -> 5472 | E4: ='标准-生产'!H13 -> 36900 | F4: ='标准-生产'!E13 -> 35
A5: 2 | B5: 测试 | C5: ='标准-测试'!F13 -> 288 | D5: ='标准-测试'!G13 -> 1104 | E5: ='标准-测试'!H13 -> 6100 | F5: ='标准-测试'!E13 -> 19
A6: 3 | B6: 开发 | C6: ='标准-开发'!F13 -> 248 | D6: ='标准-开发'!G13 -> 992 | E6: ='标准-开发'!H13 -> 4500 | F6: ='标准-开发'!E13 -> 16
B7: 合计 | C7: =SUM(C4:C6) -> 1944 | D7: =SUM(D4:D6) -> 7568 | E7: =SUM(E4:E6) -> 47500 | F7: =SUM(F4:F6) -> 70
A8: 备注：包含数据库资源； 磁盘性能单盘IOPS不小于5000； 读写最低标准：一般业务应用服务器：磁盘读写：100M/S以上；数据库所在服务器：磁盘读写：200M/S以上。 | B8: 备注：不包含数据库资源 | C8: 备注：不包含数据库资源 | D8: 备注：不包含数据库资源 | E8: 备注：不包含数据库资源 | F8: 备注：不包含数据库资源

Sheet 标准-开发
A1: YonBIP V5.0 标准云原生模式标准开发环境部署方案单实例模式
A2: 类型 | B2: 服务器类别 | C2: 安装内容 | D2: 说明 | E2: 主机数 | F2: 虚拟机规格
F3: CPU(核数) | G3: 内存(G) | H3: 数据盘(G) | I3: GPU(G)
A4: 主机部署 | B4: 中间件 | C4: Nginx、Redis、Kafka、OpenSearch、OpenSearch Dashboards、安装器、Licenseserver、Dolphinscheduler、文件服务 | D4: 中间件 | E4: 1 | F4: 16 | G4: 64 | H4: 1000 | I4: 0
A5: 主机部署 | B5: 技术平台 | C5: 技术平台、Harbor、K8s-master、ETCD、Ingress、DNS、Monitor | D5: 技术平台 | E5: 1 | F5: 8 | G5: 64 | H5: 100 | I5: 0
A6: 容器部署 | B6: 容器集群 | C6: 人力云、智能平台、企业绩效、智能会计、电子档案、供应链、财资、营销云、商旅、平台、协同云、领域公共盘、大供应链附加盘、税务、生产制造、费控、采购云、电子影像、银企联云、研发云 | D6: 平台+领域 | E6: 12 | F6: 16 | G6: 64 | H6: 200 | I6: 0
C7: 智能平台-算法服务 | D7: 智能平台-算法服务 | E7: 1 | F7: 16 | G7: 32 | H7: 500 | I7: 0
A8: 第三方中间件 | B8: 第三方中间件 | C8: 第三方中间件 | D8: 第三方中间件 | E8: 第三方中间件 | F8: 第三方中间件 | G8: 第三方中间件 | H8: 第三方中间件 | I8: 第三方中间件
A9: 数据库部署 | B9: 数据库服务器 | C9: 数据库 | D9: 数据库 | E9: 1 | F9: 16 | G9: 64 | H9: 500 | I9: 0
A10: 主机部署 | B10: 多维数据库 | C10: 企业绩效-多维数据库、合并报告、预算执行、计划预算、作业成本分析 | D10: 多维数据库 | E10: 0 | F10: 8 | G10: 16 | H10: 500 | I10: 0 | J10: 数据盘：1*500G
A11: 三方主机部署 | B11: 三方中间件 | C11: nifi、Dolphin(大数据数据中台) | D11: 大数据 | E11: 0 | F11: 16 | G11: 32 | H11: 200 | I11: 0
A12: 向量数据库部署 | B12: 向量数据库服务器 | C12: YonMatrix(Vector) | D12: 向量数据库 | E12: 0 | F12: 16 | G12: 64 | H12: 1000 | I12: 0
A13: 总计 | E13: =E4+E5+E6+E7+E9+E10+E11+E12 -> 16 | F13: =E4*F4+E5*F5+E6*F6+E7*F7+E9*F9+E10*F10+E11*F11+E12*F12 -> 248 | G13: =E4*G4+E5*G5+E6*G6+E7*G7+E9*G9+E10*G10+E11*G11+E12*G12 -> 992 | H13: =E4*H4+E5*H5+E6*H6+E7*H7+E9*H9+E10*H10+E11*H11+E12*H12 -> 4500 | I13: 0

Sheet 标准-测试
A1: YonBIP V5.0 标准云原生模式标准测试环境部署方案单实例模式
A2: 类型 | B2: 服务器类别 | C2: 安装内容 | D2: 说明 | E2: 主机数 | F2: 虚拟机规格
F3: CPU(核数) | G3: 内存(G) | H3: 数据盘(G) | I3: GPU(G)
A4: 主机部署 | B4: 中间件 | C4: Nginx、Redis、Kafka、OpenSearch、OpenSearch Dashboards、安装器、Licenseserver、Dolphinscheduler、文件服务 | D4: 中间件 | E4: 1 | F4: 16 | G4: 64 | H4: 500 | I4: 0
A5: 主机部署 | B5: 技术平台 | C5: 技术平台、Harbor、K8s-master、ETCD、Ingress、DNS、Monitor | D5: 技术平台 | E5: 1 | F5: 8 | G5: 64 | H5: 500 | I5: 0
A6: 容器部署 | B6: 容器集群 | C6: 人力云、智能平台、企业绩效、智能会计、电子档案、供应链、财资、营销云、商旅、平台、协同云、领域公共盘、大供应链附加盘、税务、生产制造、费控、采购云、电子影像、银企联云、研发云 | D6: 平台+领域 | E6: 12 | F6: 16 | G6: 64 | H6: 200 | I6: 0
C7: 智能平台-算法服务 | D7: 智能平台-算法服务 | E7: 1 | F7: 16 | G7: 32 | H7: 500 | I7: 0
A8: 第三方中间件 | B8: 第三方中间件 | C8: 第三方中间件 | D8: 第三方中间件 | E8: 第三方中间件 | F8: 第三方中间件 | G8: 第三方中间件 | H8: 第三方中间件 | I8: 第三方中间件
A9: 数据库部署 | B9: 数据库服务器 | C9: 数据库 | D9: 数据库 | E9: 1 | F9: 16 | G9: 64 | H9: 500 | I9: 0
A10: 主机部署 | B10: 多维数据库 | C10: 企业绩效-多维数据库、合并报告、预算执行、计划预算、作业成本分析 | D10: 多维数据库 | E10: 1 | F10: 8 | G10: 16 | H10: 500 | I10: 0 | J10: 数据盘：1*500G
A11: 三方主机部署 | B11: 三方中间件 | C11: nifi、Dolphin | D11: 大数据 | E11: 1 | F11: 16 | G11: 32 | H11: 200 | I11: 0
A12: 向量数据库部署 | B12: 向量数据库服务器 | C12: YonMatrix(Vector) | D12: 向量数据库 | E12: 1 | F12: 16 | G12: 64 | H12: 1000 | I12: 0
A13: 总计 | E13: =E4+E5+E6+E7+E9+E10+E11+E12 -> 19 | F13: =E4*F4+E5*F5+E6*F6+E7*F7+E9*F9+E10*F10+E11*F11+E12*F12 -> 288 | G13: =E4*G4+E5*G5+E6*G6+E7*G7+E9*G9+E10*G10+E11*G11+E12*G12 -> 1104 | H13: =E4*H4+E5*H5+E6*H6+E7*H7+E9*H9+E10*H10+E11*H11+E12*H12 -> 6100 | I13: 0

Sheet 标准-生产
A1: YonBIP V5.05 标准云原生模式标准生产环境部署方案集群模式
A2: 类型 | B2: 服务器类别 | C2: 安装内容 | D2: 说明 | E2: 主机数 | F2: 虚拟机规格
F3: CPU(核数) | G3: 内存(G) | H3: 数据盘(G) | I3: GPU(G)
A4: 主机部署 | B4: 中间件 | C4: Nginx、Redis、Kafka、OpenSearch、OpenSearch Dashboards、安装器、Licenseserver、Dolphinscheduler、文件服务 | D4: 中间件 | E4: 4 | F4: 32 | G4: 128 | H4: 3000 | I4: 0
A5: 主机部署 | B5: 技术平台 | C5: 技术平台、Harbor、K8s-master、ETCD、Ingress、DNS、Monitor | D5: 技术平台 | E5: 3 | F5: 16 | G5: 64 | H5: 500 | I5: 0
A6: 容器部署 | B6: 容器集群 | C6: 人力云、智能平台、企业绩效、智能会计、电子档案、供应链、财资、营销云、商旅、平台、协同云、领域公共盘、大供应链附加盘、税务、生产制造、费控、采购云、电子影像、银企联云、研发云 | D6: 平台+领域 | E6: 18 | F6: 32 | G6: 128 | H6: 300 | I6: 0
C7: 智能平台-算法服务 | D7: 智能平台-算法服务 | E7: 1 | F7: 16 | G7: 64 | H7: 500 | I7: 0
A8: 第三方中间件 | B8: 第三方中间件 | C8: 第三方中间件 | D8: 第三方中间件 | E8: 第三方中间件 | F8: 第三方中间件 | G8: 第三方中间件 | H8: 第三方中间件 | I8: 第三方中间件
A9: 数据库部署 | B9: 数据库服务器 | C9: 数据库 | D9: 数据库 | E9: 2 | F9: 256 | G9: 1024 | H9: 6000 | I9: 0
A10: 主机部署 | B10: 多维数据库 | C10: 企业绩效-多维数据库、合并报告、预算执行、计划预算、作业成本分析 | D10: 多维数据库 | E10: 1 | F10: 32 | G10: 64 | H10: 1000 | I10: 0
A11: 三方主机部署 | B11: 三方中间件 | C11: nifi、Dolphin | D11: 大数据 | E11: 3 | F11: 16 | G11: 32 | H11: 500 | I11: 0
A12: 向量数据库部署 | B12: 向量数据库服务器 | C12: YonMatrix(Vector) | D12: 向量数据库 | E12: 3 | F12: 16 | G12: 64 | H12: 1000 | I12: 0
A13: 总计 | E13: =E4+E5+E6+E7+E9+E10+E11+E12 -> 35 | F13: =E4*F4+E5*F5+E6*F6+E7*F7+E9*F9+E10*F10+E11*F11++E12*F12 -> 1408 | G13: =E4*G4+E5*G5+E6*G6+E7*G7+E9*G9+E10*G10+E11*G11+E12*G12 -> 5472 | H13: =E4*H4+E5*H5+E6*H6+E7*H7+E9*H9+E10*H10+E11*H11+E12*H12 -> 36900 | I13: 0

Sheet 推荐配置
A1: CPU和操作系统类型推荐如下：
A29: 数据库推荐如下：
A40: 数据库类型推荐如下：

Sheet 部署架构图
